area,population
Melbourne (CBD),26878
Carlton,18173
Docklands,11654
Southbank,22428
North Melbourne,16862
West Melbourne (Residential),9214
East Melbourne,5084
Melbourne (Remainder),4823
Parkville,7765
Kensington,10892
Port Melbourne,18614
South Yarra,22312
West Melbourne (Industrial),412
